sn,gender,fullname,email1,email2,salutation,birthday,mobile,fax,id,address1,address2,postcode,citizenship,nationality,company,company_id,deceased,marital,father_id,mother_id,spouse_id,sibling1_id,sibling2_id,sibling3_id,child1_id,child2_id,
1,M,Wong Ah Gong,gen,,,12/5/1950,gen,,S500000001A,45 Limau Garden ,,467905,singaporean,singapore,Willms-Nitzsche Ptd Lte,lookup,y,married,,,Wong Ah Ma,,,,Lim Ah Bu,,
2,F,Wong Ah Ma,gen,,,2/2/1951,gen,,S510000002A,46 Limau Garden ,,467905,singaporean,singapore,Swaniawski-Rice Ptd Lte,lookup,y,married,,,Wong Ah Gong,,,,Lim Ah Bu,,
3,M,Ng Ah Gong,gen,,,3/3/1953,gen,,S530000003A,63 Jln Limau Nipis,,468312,singaporean,singapore,Borer Mosciski and Raynor Ptd Lte,lookup,y,married,,,Ng Ah Ma,,,,Lim Xiao Shen,,
4,F,Ng Ah Ma,gen,,,4/4/1954,gen,,S540000004A,63 Jln Limau Nipis,,468312,singaporean,singapore,Graham Inc Ptd Lte,lookup,y,married,,,Ng Ah Gong,,,,Lim Xiao Shen,,
5,F,Lim Ah Bu,gen,,,1/20/1980,gen,,S8067292U,54 Limau Garden,,467913,singaporean,singapore,Bogan LLC Ptd Lte,lookup,n,married,Wong Ah Gong,Wong Ah Ma,Lim Lao Bei,,,,Lim Xiao Zhan,Lim Dua Ji,
6,F,Lim Xiao Shen,gen,,,9/8/1980,gen,,S8076896G,63 Jln Limau Nipis,,468312,singaporean,singapore,Weimann Group Ptd Lte,lookup,n,married,Ng Ah Ma,Ng Ah Ma,Lim Xiao Shu,,,,Lim Xiao Ming,,
7,M,Lim Ah Gong,gen,,,5/5/1955,gen,,S550000005A,54 Limau Garden,,467913,singaporean,singapore,Anderson Inc Ptd Lte,lookup,y,married,,,Lim Ah Ma,,,,Lim Lao Bei,Lim Xiao Shu,
8,F,Lim Ah Ma,gen,,,6/6/1956,gen,,S560000006A,54 Limau Garden,,467913,singaporean,singapore,Jakubowski-Carter Ptd Lte,lookup,y,married,,,Lim Ah Gong,,,,Lim Lao Bei,Lim Xiao Shu,
9,M,Lim Ah Pei,gen,,,5/25/1972,gen,,S7258085C,54 Limau Garden,,467913,singaporean,singapore,Bauch-Abernathy Ptd Lte,lookup,n,single,Lim Ah Gong,Lim Ah Ma,,Lim Lao Bei,Lim Xiao Shu,,,,
10,M,Lim Lao Bei,gen,,,3/13/1977,gen,,S7772517D,54 Limau Garden,,467913,singaporean,singapore,Parisian Inc Ptd Lte,lookup,n,married,Lim Ah Gong,Lim Ah Ma,Lim Ah Bu,Lim Ah Pei,Lim Xiao Shu,,Lim Xiao Zhan,Lim Dua Ji,
11,M,Lim Xiao Shu,gen,,,4/13/1978,gen,,S7816068A,63 Jln Limau Nipis,,468312,singaporean,singapore,Adams-O'Keefe Ptd Lte,lookup,n,married,Lim Ah Gong,Lim Ah Ma,Lim Xiao Shen,Lim Ah Pei,Lim Lao Bei,,Lim Xiao Ming,,
12,F,Lim Dua Ji,gen,,,6/15/1990,gen,,S9000419Z,54 Limau Garden,,467913,singaporean,singapore,Bahringer Reichert and Toy Ptd Lte,lookup,n,single,Lim Lao Bei,Lim Ah Bu,,Lim Xiao Zhan,,,,,
13,M,Lim Xiao Zhan,gen,,,6/15/1994,gen,,S9464374J,54 Limau Garden,,467913,singaporean,singapore,Donnelly Purdy and Bogisich Ptd Lte,lookup,n,single,Lim Lao Bei,Lim Ah Bu,,Lim Dua Ji,,,,,
14,M,Lim Xiao Ming,gen,,,5/30/1992,gen,,S9274095A,63 Jln Limau Nipis,,468312,singaporean,singapore,Spinka Terry and Turcotte Ptd Lte,lookup,n,single,Lim Xiao Shu,Lim Xiao Shen,,,,,,,
15,M,Dylan Wang He Di,gen,,,5/13/1972,gen,,S9000992C,16 Tanah Merah Kechil Ave,,465582,singaporean,singapore,Labadie-O'Connell Ptd Lte,lookup,n,single,,,,,,,,,
16,M,Ren Jia Lun,gen,,,9/10/1999,gen,,S8526798A,94D Bedok North Ave 4 #05-12,,463094,singaporean,singapore,Legros Group Ptd Lte,lookup,n,single,,,,,,,,,
17,M,Li Yi Feng,gen,,,8/13/2002,gen,,S9666877E,61 Borthwick Dr,,559564,singaporean,singapore,Hammes Ward and Bat Ptd Lte,lookup,n,single,,,,,,,,,
18,M,Zhang Xin Cheng,gen,,,4/28/1988,gen,,S9997194J,69 Chiselhurst Grove,,558652,singaporean,singapore,Towne-Sipes Ptd Lte,lookup,n,single,,,,,,,,,
19,M,Zhu Yi Long,gen,,,11/18/1996,gen,,S8212862Z,101 Cardiff Grove,,558961,singaporean,singapore,Cole and Sons Ptd Lte,lookup,n,single,,,,,,,,,
20,M,Wang Yi Bo,gen,,,8/5/1972,gen,,S7800256E,65 Serangoon Garden Way,,555961,singaporean,singapore,Lemke LLC,lookup,n,single,,,,,,,,,
21,M,Damon Chu,gen,,,12/8/1977,gen,,S9600005A,103 Yuan Ching Road,,618654,singaporean,singapore,Veum LLC,lookup,n,single,,,,,,,,,
22,M,James Wu,gen,,,8/29/1976,gen,,S9700005B,35 Jurong West Street 41,,649406,singaporean,singapore,McDermott Group Ptd Lte,lookup,n,single,,,,,,,,,
23,M,Heng Choon Yee,gen,,,3/18/2004,gen,,S0400005C,8 Sumang Walk,,828676,singaporean,singapore,Schuppe-Heathcote Ptd Lte,lookup,n,single,,,,,,,,,
